{
	"credit": "Made with Blockbench",
	"parent": "projector",
	"ambientocclusion": false,
	"texture_size": [64, 64],
	"textures": {
		"0": "bnp:item/decor/projector",
		"particle": "bnp:item/decor/projector"
	},
	"elements": [
		{
			"from": [1, 0, 1],
			"to": [15, 8, 15],
			"faces": {
				"north": {"uv": [3.5, 0, 7, 2], "texture": "#0"},
				"east": {"uv": [3.5, 2, 7, 4], "texture": "#0"},
				"south": {"uv": [3.5, 4, 7, 6], "texture": "#0"},
				"west": {"uv": [3.5, 6, 7, 8], "texture": "#0"},
				"up": {"uv": [3.5, 3.5, 0, 0], "texture": "#0"},
				"down": {"uv": [3.5, 3.5, 0, 7], "texture": "#0"}
			}
		},
		{
			"from": [13, 8, 3],
			"to": [15, 10, 13],
			"rotation": {"angle": 0, "axis": "y", "origin": [-5, 9, 0]},
			"faces": {
				"north": {"uv": [8, 9.25, 8.5, 9.75], "texture": "#0"},
				"east": {"uv": [8, 5.75, 10.5, 6.25], "texture": "#0"},
				"south": {"uv": [9.5, 0, 10, 0.5], "texture": "#0"},
				"west": {"uv": [8, 6.25, 10.5, 6.75], "texture": "#0"},
				"up": {"uv": [7, 10.5, 6.5, 8], "texture": "#0"},
				"down": {"uv": [8.5, 6.75, 8, 9.25], "texture": "#0"}
			}
		},
		{
			"from": [1, 8, 3],
			"to": [3, 10, 13],
			"rotation": {"angle": 0, "axis": "y", "origin": [-17, 9, 0]},
			"faces": {
				"north": {"uv": [9.5, 0.5, 10, 1], "texture": "#0"},
				"east": {"uv": [3, 8.5, 5.5, 9], "texture": "#0"},
				"south": {"uv": [9.5, 1, 10, 1.5], "texture": "#0"},
				"west": {"uv": [8.5, 6.75, 11, 7.25], "texture": "#0"},
				"up": {"uv": [6, 11, 5.5, 8.5], "texture": "#0"},
				"down": {"uv": [6.5, 8.5, 6, 11], "texture": "#0"}
			}
		},
		{
			"from": [1, 8, 1],
			"to": [15, 10, 3],
			"rotation": {"angle": 0, "axis": "y", "origin": [-20, 9, 5]},
			"faces": {
				"north": {"uv": [8, 2.25, 11.5, 2.75], "texture": "#0"},
				"east": {"uv": [9.5, 1.5, 10, 2], "texture": "#0"},
				"south": {"uv": [8, 2.75, 11.5, 3.25], "texture": "#0"},
				"west": {"uv": [9.5, 7.25, 10, 7.75], "texture": "#0"},
				"up": {"uv": [6.5, 8.5, 3, 8], "texture": "#0"},
				"down": {"uv": [11.5, 3.25, 8, 3.75], "texture": "#0"}
			}
		},
		{
			"from": [1, 8, 13],
			"to": [15, 10, 15],
			"rotation": {"angle": 0, "axis": "y", "origin": [-20, 9, 17]},
			"faces": {
				"north": {"uv": [8, 3.75, 11.5, 4.25], "texture": "#0"},
				"east": {"uv": [9.5, 7.75, 10, 8.25], "texture": "#0"},
				"south": {"uv": [8, 4.25, 11.5, 4.75], "texture": "#0"},
				"west": {"uv": [9.5, 8.25, 10, 8.75], "texture": "#0"},
				"up": {"uv": [11.5, 5.25, 8, 4.75], "texture": "#0"},
				"down": {"uv": [11.5, 5.25, 8, 5.75], "texture": "#0"}
			}
		},
		{
			"from": [-2, -1, 6],
			"to": [0, 8, 10],
			"rotation": {"angle": -22.5, "axis": "z", "origin": [-2, 0, 6]},
			"faces": {
				"north": {"uv": [8.5, 7.25, 9, 9.5], "texture": "#0"},
				"east": {"uv": [0, 7, 1, 9.25], "texture": "#0"},
				"south": {"uv": [9, 0, 9.5, 2.25], "texture": "#0"},
				"west": {"uv": [7, 0, 8, 2.25], "texture": "#0"},
				"up": {"uv": [3.5, 8, 3, 7], "texture": "#0"},
				"down": {"uv": [9.5, 7.25, 9, 8.25], "texture": "#0"}
			}
		},
		{
			"from": [16, -1, 6],
			"to": [18, 8, 10],
			"rotation": {"angle": 22.5, "axis": "z", "origin": [18, 0, 6]},
			"faces": {
				"north": {"uv": [3, 9, 3.5, 11.25], "texture": "#0"},
				"east": {"uv": [1, 7, 2, 9.25], "texture": "#0"},
				"south": {"uv": [3.5, 9, 4, 11.25], "texture": "#0"},
				"west": {"uv": [2, 7, 3, 9.25], "texture": "#0"},
				"up": {"uv": [8, 10, 7.5, 9], "texture": "#0"},
				"down": {"uv": [9.5, 8.25, 9, 9.25], "texture": "#0"}
			}
		},
		{
			"from": [6, -1, 16],
			"to": [10, 8, 18],
			"rotation": {"angle": -22.5, "axis": "x", "origin": [10, 0, 18]},
			"faces": {
				"north": {"uv": [7, 2.25, 8, 4.5], "texture": "#0"},
				"east": {"uv": [4, 9, 4.5, 11.25], "texture": "#0"},
				"south": {"uv": [7, 4.5, 8, 6.75], "texture": "#0"},
				"west": {"uv": [4.5, 9, 5, 11.25], "texture": "#0"},
				"up": {"uv": [1, 9.75, 0, 9.25], "texture": "#0"},
				"down": {"uv": [2, 9.25, 1, 9.75], "texture": "#0"}
			}
		},
		{
			"from": [6, -1, -2],
			"to": [10, 8, 0],
			"rotation": {"angle": 22.5, "axis": "x", "origin": [10, 0, -2]},
			"faces": {
				"north": {"uv": [7, 6.75, 8, 9], "texture": "#0"},
				"east": {"uv": [5, 9, 5.5, 11.25], "texture": "#0"},
				"south": {"uv": [8, 0, 9, 2.25], "texture": "#0"},
				"west": {"uv": [7, 9, 7.5, 11.25], "texture": "#0"},
				"up": {"uv": [3, 9.75, 2, 9.25], "texture": "#0"},
				"down": {"uv": [10, 9.25, 9, 9.75], "texture": "#0"}
			}
		}
	]
}