{
	"credit": "by Trplnr",
	"ambientocclusion": false,
	"texture_size": [64, 64],
	"textures": {
		"0": "bnp:item/game/tower_game/tnt_launcher/tnt_launcher",
		"1": "bnp:item/game/tower_game/tnt_launcher/outline_gradient",
		"particle": "bnp:item/game/tower_game/tnt_launcher/tnt_launcher"
	},
	"elements": [
		{
			"name": "body",
			"from": [5, 3, 3],
			"to": [11, 9, 17],
			"rotation": {"angle": 0, "axis": "y", "origin": [7, 3, 15]},
			"faces": {
				"north": {"uv": [3.5, 1.5, 5, 3], "texture": "#0"},
				"east": {"uv": [0, 0, 3.5, 1.5], "texture": "#0"},
				"south": {"uv": [5, 1.5, 6.5, 3], "texture": "#0"},
				"west": {"uv": [0, 1.5, 3.5, 3], "texture": "#0"},
				"up": {"uv": [1.5, 6.5, 0, 3], "texture": "#0"},
				"down": {"uv": [3, 3, 1.5, 6.5], "texture": "#0"}
			}
		},
		{
			"name": "body_details",
			"from": [4.9, 2.9, 2.9],
			"to": [11.1, 9.1, 17.1],
			"rotation": {"angle": 0, "axis": "y", "origin": [7, 3, 15]},
			"faces": {
				"north": {"uv": [8, 5, 9.5, 6.5], "texture": "#0"},
				"east": {"uv": [3, 3, 6.5, 4.5], "texture": "#0"},
				"south": {"uv": [8.25, 1.75, 9.75, 3.25], "texture": "#0"},
				"west": {"uv": [3.5, 0, 7, 1.5], "texture": "#0"},
				"up": {"uv": [4.5, 8, 3, 4.5], "texture": "#0"},
				"down": {"uv": [6, 4.5, 4.5, 8], "texture": "#0"}
			}
		},
		{
			"name": "hole",
			"from": [4, 2, -1],
			"to": [12, 10, 3],
			"rotation": {"angle": 0, "axis": "y", "origin": [7, 3, -1]},
			"faces": {
				"north": {"uv": [6, 4.5, 8, 6.5], "texture": "#0"},
				"east": {"uv": [1.75, 9.75, 2.75, 11.75], "texture": "#0"},
				"south": {"uv": [0, 6.5, 2, 8.5], "texture": "#0"},
				"west": {"uv": [9.75, 1.75, 10.75, 3.75], "texture": "#0"},
				"up": {"uv": [11.5, 7.75, 9.5, 6.75], "texture": "#0"},
				"down": {"uv": [4.75, 9.75, 2.75, 10.75], "texture": "#0"}
			}
		},
		{
			"from": [7, 0, 11],
			"to": [9, 4, 14],
			"rotation": {"angle": 22.5, "axis": "x", "origin": [7, 1, 14]},
			"faces": {
				"north": {"uv": [7.5, 3.25, 8, 4.25], "texture": "#0"},
				"east": {"uv": [7, 0, 7.75, 1], "texture": "#0"},
				"south": {"uv": [7.75, 0, 8.25, 1], "texture": "#0"},
				"west": {"uv": [9.75, 3.75, 10.5, 4.75], "texture": "#0"},
				"up": {"uv": [9.75, 10.75, 9.25, 10], "texture": "#0"},
				"down": {"uv": [10.25, 10, 9.75, 10.75], "texture": "#0"}
			}
		},
		{
			"from": [7, 1, 7],
			"to": [9, 3, 8],
			"rotation": {"angle": 0, "axis": "y", "origin": [7, 2, 6]},
			"faces": {
				"north": {"uv": [10.5, 0, 11, 0.5], "texture": "#0"},
				"east": {"uv": [8, 1, 8.25, 1.5], "texture": "#0"},
				"south": {"uv": [10.5, 0.5, 11, 1], "texture": "#0"},
				"west": {"uv": [1.75, 8.5, 2, 9], "texture": "#0"},
				"up": {"uv": [8, 4.5, 7.5, 4.25], "texture": "#0"},
				"down": {"uv": [6, 8, 5.5, 8.25], "texture": "#0"}
			}
		},
		{
			"from": [6.99, 0.99, 4.115],
			"to": [9.01, 2.01, 8.135],
			"rotation": {"angle": 22.5, "axis": "x", "origin": [7, 1, 6.125]},
			"faces": {
				"north": {"uv": [10, 1.5, 10.5, 1.75], "texture": "#0"},
				"east": {"uv": [6.5, 4.25, 7.5, 4.5], "texture": "#0"},
				"south": {"uv": [10.5, 1.5, 11, 1.75], "texture": "#0"},
				"west": {"uv": [9.75, 4.75, 10.75, 5], "texture": "#0"},
				"up": {"uv": [5.25, 10.75, 4.75, 9.75], "texture": "#0"},
				"down": {"uv": [10.5, 0, 10, 1], "texture": "#0"}
			}
		},
		{
			"from": [7, 2, 5],
			"to": [9, 3, 6],
			"rotation": {"angle": 0, "axis": "y", "origin": [7, 2, 4]},
			"faces": {
				"north": {"uv": [6.25, 10.5, 6.75, 10.75], "texture": "#0"},
				"east": {"uv": [1.75, 9, 2, 9.25], "texture": "#0"},
				"south": {"uv": [6.75, 10.5, 7.25, 10.75], "texture": "#0"},
				"west": {"uv": [1.75, 9.25, 2, 9.5], "texture": "#0"},
				"up": {"uv": [7.75, 10.75, 7.25, 10.5], "texture": "#0"},
				"down": {"uv": [8.25, 10.5, 7.75, 10.75], "texture": "#0"}
			}
		},
		{
			"from": [11, 4, 12],
			"to": [15, 6, 14],
			"rotation": {"angle": 0, "axis": "y", "origin": [11, 4, 14]},
			"faces": {
				"north": {"uv": [7, 1, 8, 1.5], "texture": "#0"},
				"east": {"uv": [10.5, 3.75, 11, 4.25], "texture": "#0"},
				"south": {"uv": [2, 7.5, 3, 8], "texture": "#0"},
				"west": {"uv": [10.5, 4.25, 11, 4.75], "texture": "#0"},
				"up": {"uv": [10.5, 8.25, 9.5, 7.75], "texture": "#0"},
				"down": {"uv": [11, 1, 10, 1.5], "texture": "#0"}
			}
		},
		{
			"from": [13, 6, 12],
			"to": [15, 9, 14],
			"rotation": {"angle": 0, "axis": "y", "origin": [11, 6, 14]},
			"faces": {
				"north": {"uv": [0, 10.25, 0.5, 11], "texture": "#0"},
				"east": {"uv": [0.5, 10.25, 1, 11], "texture": "#0"},
				"south": {"uv": [1, 10.25, 1.5, 11], "texture": "#0"},
				"west": {"uv": [10.25, 10, 10.75, 10.75], "texture": "#0"},
				"up": {"uv": [5.75, 11, 5.25, 10.5], "texture": "#0"},
				"down": {"uv": [6.25, 10.5, 5.75, 11], "texture": "#0"}
			}
		},
		{
			"from": [10.5, 11, 9.5],
			"to": [17.5, 17, 16.5],
			"rotation": {"angle": 0, "axis": "y", "origin": [11.5, 11, 13.5]},
			"faces": {
				"north": {"uv": [6.5, 1.75, 8.25, 3.25], "texture": "#0"},
				"east": {"uv": [6, 6.75, 7.75, 8.25], "texture": "#0"},
				"south": {"uv": [7.75, 6.75, 9.5, 8.25], "texture": "#0"},
				"west": {"uv": [2, 8.25, 3.75, 9.75], "texture": "#0"},
				"up": {"uv": [9.75, 5, 8, 3.25], "texture": "#0"},
				"down": {"uv": [5.5, 8, 3.75, 9.75], "texture": "#0"}
			}
		},
		{
			"from": [12, 9, 11],
			"to": [16, 11, 15],
			"rotation": {"angle": 0, "axis": "y", "origin": [11, 9, 14]},
			"faces": {
				"north": {"uv": [5.25, 10, 6.25, 10.5], "texture": "#0"},
				"east": {"uv": [6.25, 10, 7.25, 10.5], "texture": "#0"},
				"south": {"uv": [7.25, 10, 8.25, 10.5], "texture": "#0"},
				"west": {"uv": [8.25, 10, 9.25, 10.5], "texture": "#0"},
				"up": {"uv": [3, 7.5, 2, 6.5], "texture": "#0"},
				"down": {"uv": [7.5, 3.25, 6.5, 4.25], "texture": "#0"}
			}
		},
		{
			"from": [10.4, 10.9, 9.4],
			"to": [17.6, 18.1, 16.6],
			"rotation": {"angle": 0, "axis": "y", "origin": [11.5, 11, 13.5]},
			"faces": {
				"north": {"uv": [8.25, 0, 10, 1.75], "texture": "#0"},
				"east": {"uv": [5.5, 8.25, 7.25, 10], "texture": "#0"},
				"south": {"uv": [7.25, 8.25, 9, 10], "texture": "#0"},
				"west": {"uv": [0, 8.5, 1.75, 10.25], "texture": "#0"},
				"up": {"uv": [10.75, 10, 9, 8.25], "texture": "#0"},
				"down": {"uv": [11.25, 5, 9.5, 6.75], "texture": "#0"}
			}
		},
		{
			"name": "body_details_outline",
			"from": [11.25, 9.25, 17.25],
			"to": [4.75, 2.75, 2.75],
			"rotation": {"angle": 0, "axis": "y", "origin": [7, 3, 15]},
			"faces": {
				"north": {"uv": [2, 7.5, 3.75, 9.25], "texture": "#1"},
				"east": {"uv": [0, 0, 3.75, 1.75], "texture": "#1"},
				"south": {"uv": [7.5, 2, 9.25, 3.75], "texture": "#1"},
				"west": {"uv": [0, 1.75, 3.75, 3.5], "texture": "#1"},
				"up": {"uv": [1.75, 7.25, 0, 3.5], "texture": "#1"},
				"down": {"uv": [3.5, 3.5, 1.75, 7.25], "texture": "#1"}
			}
		},
		{
			"name": "hole_outline",
			"from": [12.15, 10.15, 3.15],
			"to": [3.85, 1.85, -1.15],
			"rotation": {"angle": 0, "axis": "y", "origin": [7, 3, -1]},
			"faces": {
				"north": {"uv": [3.5, 3.5, 5.5, 5.5], "texture": "#1"},
				"east": {"uv": [3.75, 7.5, 4.75, 9.5], "texture": "#1"},
				"south": {"uv": [3.75, 0, 5.75, 2], "texture": "#1"},
				"west": {"uv": [7.5, 3.75, 8.5, 5.75], "texture": "#1"},
				"up": {"uv": [9.5, 6.75, 7.5, 5.75], "texture": "#1"},
				"down": {"uv": [9.5, 6.75, 7.5, 7.75], "texture": "#1"}
			}
		},
		{
			"name": "cube_outline",
			"from": [9.15, 2.15, 8.275],
			"to": [6.85, 0.85, 3.975],
			"rotation": {"angle": 22.5, "axis": "x", "origin": [7, 1, 6.125]},
			"faces": {
				"north": {"uv": [3, 7.25, 3.5, 7.5], "texture": "#1"},
				"east": {"uv": [2, 7.25, 3, 7.5], "texture": "#1"},
				"south": {"uv": [8.75, 0.75, 9.25, 1], "texture": "#1"},
				"west": {"uv": [8.5, 5.5, 9.5, 5.75], "texture": "#1"},
				"up": {"uv": [6, 9, 5.5, 8], "texture": "#1"},
				"down": {"uv": [6.5, 8, 6, 9], "texture": "#1"}
			}
		},
		{
			"name": "cube_outline",
			"from": [15.15, 6.15, 14.15],
			"to": [10.85, 3.85, 11.85],
			"rotation": {"angle": 0, "axis": "y", "origin": [11, 4, 14]},
			"faces": {
				"north": {"uv": [3.75, 3, 4.75, 3.5], "texture": "#1"},
				"east": {"uv": [4.75, 3, 5.25, 3.5], "texture": "#1"},
				"south": {"uv": [6.5, 8, 7.5, 8.5], "texture": "#1"},
				"west": {"uv": [8, 8.75, 8.5, 9.25], "texture": "#1"},
				"up": {"uv": [9, 8.25, 8, 7.75], "texture": "#1"},
				"down": {"uv": [9.25, 1, 8.25, 1.5], "texture": "#1"}
			}
		},
		{
			"name": "cube_outline",
			"from": [15.15, 9.15, 14.15],
			"to": [12.85, 5.85, 11.85],
			"rotation": {"angle": 0, "axis": "y", "origin": [11, 6, 14]},
			"faces": {
				"north": {"uv": [6.5, 8.5, 7, 9.25], "texture": "#1"},
				"east": {"uv": [7, 8.5, 7.5, 9.25], "texture": "#1"},
				"south": {"uv": [8.75, 0, 9.25, 0.75], "texture": "#1"},
				"west": {"uv": [7.5, 8.75, 8, 9.5], "texture": "#1"},
				"up": {"uv": [9, 9.25, 8.5, 8.75], "texture": "#1"},
				"down": {"uv": [9.5, 4.75, 9, 5.25], "texture": "#1"}
			}
		},
		{
			"name": "cube_outline",
			"from": [16.15, 11.15, 15.15],
			"to": [11.85, 8.85, 10.85],
			"rotation": {"angle": 0, "axis": "y", "origin": [11, 9, 14]},
			"faces": {
				"north": {"uv": [8.25, 1.5, 9.25, 2], "texture": "#1"},
				"east": {"uv": [8, 8.25, 9, 8.75], "texture": "#1"},
				"south": {"uv": [8.5, 3.75, 9.5, 4.25], "texture": "#1"},
				"west": {"uv": [8.5, 4.25, 9.5, 4.75], "texture": "#1"},
				"up": {"uv": [4.75, 3, 3.75, 2], "texture": "#1"},
				"down": {"uv": [8.75, 0, 7.75, 1], "texture": "#1"}
			}
		},
		{
			"name": "cube_outline",
			"from": [17.75, 18.25, 16.75],
			"to": [10.25, 10.75, 9.25],
			"rotation": {"angle": 0, "axis": "y", "origin": [11.5, 11, 13.5]},
			"faces": {
				"north": {"uv": [5.5, 2, 7.5, 4], "texture": "#1"},
				"east": {"uv": [3.5, 5.5, 5.5, 7.5], "texture": "#1"},
				"south": {"uv": [5.5, 4, 7.5, 6], "texture": "#1"},
				"west": {"uv": [5.75, 0, 7.75, 2], "texture": "#1"},
				"up": {"uv": [7.5, 8, 5.5, 6], "texture": "#1"},
				"down": {"uv": [2, 7.25, 0, 9.25], "texture": "#1"}
			}
		},
		{
			"name": "cube_outline",
			"from": [9.15, 4.15, 14.15],
			"to": [6.85, -0.15, 10.85],
			"rotation": {"angle": 22.5, "axis": "x", "origin": [7, 1, 14]},
			"faces": {
				"north": {"uv": [7.75, 1, 8.25, 2], "texture": "#1"},
				"east": {"uv": [4.75, 2, 5.5, 3], "texture": "#1"},
				"south": {"uv": [7.5, 7.75, 8, 8.75], "texture": "#1"},
				"west": {"uv": [4.75, 7.5, 5.5, 8.5], "texture": "#1"},
				"up": {"uv": [5.25, 9.25, 4.75, 8.5], "texture": "#1"},
				"down": {"uv": [9, 4.75, 8.5, 5.5], "texture": "#1"}
			}
		}
	],
	"display": {
		"thirdperson_righthand": {
			"rotation": [15.51, 11.52, 5.91],
			"translation": [-0.25, 5, 4],
			"scale": [0.8, 0.8, 0.8]
		},
		"thirdperson_lefthand": {
			"rotation": [15.51, 11.52, 5.91],
			"translation": [-0.25, 5, 4],
			"scale": [0.8, 0.8, 0.8]
		},
		"firstperson_righthand": {
			"rotation": [32.07, 25.95, 0.15],
			"translation": [1.5, 7, -5.25]
		},
		"firstperson_lefthand": {
			"rotation": [32.07, 25.95, 0.15],
			"translation": [1.5, 7, -5.25]
		},
		"ground": {
			"rotation": [15.86, -1.43, -10.27],
			"translation": [0, 4.75, 0],
			"scale": [0.8, 0.8, 0.8]
		},
		"gui": {
			"rotation": [-160.88, 55.31, -169.84],
			"translation": [0.5, -0.75, 0]
		},
		"head": {
			"translation": [0, -0.25, -15.25]
		},
		"fixed": {
			"rotation": [0, 90, 0],
			"translation": [0, 1.75, -2.5]
		}
	},
	"groups": [
		{
			"name": "tnt_launcher",
			"origin": [2, 3, 7],
			"color": 0,
			"children": [
				{
					"name": "body",
					"origin": [2, 3, 7],
					"color": 0,
					"children": [0, 1, 2]
				},
				{
					"name": "handle",
					"origin": [13, 2, 7],
					"color": 0,
					"children": [3, 4, 5, 6]
				},
				{
					"name": "ammo_tube",
					"origin": [3, 6, 11],
					"color": 0,
					"children": [7, 8]
				},
				{
					"name": "ammo_container",
					"origin": [3.5, 11, 11.5],
					"color": 0,
					"children": [9, 10, 11]
				}
			]
		},
		12,
		13,
		14,
		15,
		16,
		17,
		18,
		19
	]
}